CCSDS_OMM_VERS,COMMENT,CREATION_DATE,ORIGINATOR,OBJECT_NAME,OBJECT_ID,CENTER_NAME,REF_FRAME,TIME_SYSTEM,MEAN_ELEMENT_THEORY,EPOCH,MEAN_MOTION,ECCENTRICITY,INCLINATION,RA_OF_ASC_NODE,ARG_OF_PERICENTER,MEAN_ANOMALY,EPHEMERIS_TYPE,CLASSIFICATION_TYPE,NORAD_CAT_ID,ELEMENT_SET_NO,REV_AT_EPOCH,BSTAR,MEAN_MOTION_DOT,MEAN_MOTION_DDOT,SEMIMAJOR_AXIS,PERIOD,APOAPSIS,PERIAPSIS,OBJECT_TYPE,RCS_SIZE,COUNTRY_CODE,LAUNCH_DATE,SITE,DECAY_DATE,FILE,GP_ID,TLE_LINE0,TLE_LINE1,TLE_LINE2
"3.0","GENERATED VIA SPACE-TRACK.ORG API","2026-03-17T10:38:38","18 SPCS","FENGYUN 1C DEB","1999-025BKG","EARTH","TEME","UTC","SGP4","2026-03-16T20:56:19.901184","14.85783541","0.00655027","96.5607","109.6392","218.9809","317.8592","0","U","31202","999","473","0.00083864993000","0.00007540","0.0000000000000","6989.265","96.919","656.911","565.348","DEBRIS","SMALL","PRC","1999-05-10","TSC","","5088757","316181990","0 FENGYUN 1C DEB","1 31202U 99025BKG 26075.87245256  .00007540  00000-0  83865-3 0  9991","2 31202  96.5607 109.6392 0065503 218.9809 317.8592 14.85783541  4734"
"3.0","GENERATED VIA SPACE-TRACK.ORG API","2026-03-16T02:37:31","18 SPCS","PSLV DEB","2001-049NS","EARTH","TEME","UTC","SGP4","2026-03-13T17:02:06.511776","14.71498027","0.01100811","97.2875","343.6479","276.0178","82.8495","0","U","27655","999","24754","0.00155843580000","0.00010596","0.0000000000000","7034.427","97.859","733.728","578.856","DEBRIS","SMALL","IND","2001-10-22","SRI","","5087165","316079565","0 PSLV DEB","1 27655U 01049NS  26072.70979759  .00010596  00000-0  15584-2 0  9995","2 27655  97.2875 343.6479 0110081 276.0178  82.8495 14.71498027247544"
"3.0","GENERATED VIA SPACE-TRACK.ORG API","2026-03-18T04:49:44","18 SPCS","PSLV DEB","2001-049BT","EARTH","TEME","UTC","SGP4","2026-03-17T21:01:16.340448","14.71928607","0.00382617","97.3611","42.5251","347.6664","12.3605","0","U","27123","999","29288","0.00024440424000","0.00001504","0.0000000000000","7033.055","97.831","681.830","628.010","DEBRIS","SMALL","IND","2001-10-22","SRI","","5089495","316261297","0 PSLV DEB","1 27123U 01049BT  26076.87588357  .00001504  00000-0  24440-3 0  9998","2 27123  97.3611  42.5251 0038262 347.6664  12.3605 14.71928607292881"
"3.0","GENERATED VIA SPACE-TRACK.ORG API","2026-03-17T10:38:38","18 SPCS","VOLGA DEB","2019-039F","EARTH","TEME","UTC","SGP4","2026-03-17T07:12:51.745824","14.96217236","0.00083891","97.5870","105.2242","172.0259","188.1097","0","U","44621","999","36270","0.00024437412000","0.00002702","0.0000000000000","6956.734","96.243","584.435","572.763","DEBRIS","SMALL","CIS","2019-07-10","PKMTR","","5088757","316188761","0 VOLGA DEB","1 44621U 19039F   26076.30059891  .00002702  00000-0  24437-3 0  9999","2 44621  97.5870 105.2242 0008389 172.0259 188.1097 14.96217236362708"
"3.0","GENERATED VIA SPACE-TRACK.ORG API","2026-03-18T04:49:44","18 SPCS","CZ-2D DEB","2017-060E","EARTH","TEME","UTC","SGP4","2026-03-17T22:54:00.175680","14.93728205","0.00117800","97.5919","83.8851","47.4351","312.7862","0","U","44612","999","45326","0.00038037433000","0.00003978","0.0000000000000","6964.460","96.403","594.529","578.121","DEBRIS","SMALL","PRC","2017-10-09","JSC","","5089495","316270582","0 CZ-2D DEB","1 44612U 17060E   26076.95416870  .00003978  00000-0  38037-3 0  9993","2 44612  97.5919  83.8851 0011780  47.4351 312.7862 14.93728205453263"
"3.0","GENERATED VIA SPACE-TRACK.ORG API","2026-03-17T17:21:16","18 SPCS","CZ-2D DEB","2018-048D","EARTH","TEME","UTC","SGP4","2026-03-17T10:39:54.584064","14.89591230","0.00264396","97.6145","86.6081","11.3477","348.8331","0","U","43487","999","42038","0.00038673378000","0.00003662","0.0000000000000","6977.349","96.671","617.662","580.766","DEBRIS","SMALL","PRC","2018-06-02","JSC","","5088782","316221527","0 CZ-2D DEB","1 43487U 18048D   26076.44438176  .00003662  00000-0  38673-3 0  9992","2 43487  97.6145  86.6081 0026440  11.3477 348.8331 14.89591230420387"
"3.0","GENERATED VIA SPACE-TRACK.ORG API","2026-03-18T04:49:44","18 SPCS","SL-24 DEB","2009-041J","EARTH","TEME","UTC","SGP4","2026-03-17T22:16:51.534336","14.84916934","0.00190565","97.6330","250.9840","203.6184","156.4159","0","U","35689","999","89554","0.00022770574000","0.00001892","0.0000000000000","6991.984","96.975","627.173","600.524","DEBRIS","LARGE","CIS","2009-07-29","TTMTR","","5089495","316266199","0 SL-24 DEB","1 35689U 09041J   26076.92837424  .00001892  00000-0  22771-3 0  9997","2 35689  97.6330 250.9840 0019057 203.6184 156.4159 14.84916934895546"
"3.0","GENERATED VIA SPACE-TRACK.ORG API","2026-03-17T17:21:16","18 SPCS","CZ-4B DEB","2020-067G","EARTH","TEME","UTC","SGP4","2026-03-17T14:12:59.791680","14.97594521","0.00349290","97.6343","132.5952","343.7692","16.2409","0","U","46484","999","29624","0.00024446293000","0.00002832","0.0000000000000","6952.468","96.154","598.618","550.049","DEBRIS","SMALL","PRC","2020-09-27","TSC","","5088782","316222204","0 CZ-4B DEB","1 46484U 20067G   26076.59235870  .00002832  00000-0  24446-3 0  9999","2 46484  97.6343 132.5952 0034929 343.7692  16.2409 14.97594521296240"
"3.0","GENERATED VIA SPACE-TRACK.ORG API","2026-03-18T04:49:44","18 SPCS","COSMOS 2535 DEB","2019-039P","EARTH","TEME","UTC","SGP4","2026-03-17T18:13:10.067520","14.89730284","0.00370289","97.6772","78.6998","312.5683","47.2411","0","U","44712","999","34887","0.00031644561000","0.00003014","0.0000000000000","6976.915","96.662","624.614","572.945","DEBRIS","SMALL","CIS","2019-07-10","PKMTR","","5089495","316270124","0 COSMOS 2535 DEB","1 44712U 19039P   26076.75914430  .00003014  00000-0  31645-3 0  9994","2 44712  97.6772  78.6998 0037029 312.5683  47.2411 14.89730284348879"
"3.0","GENERATED VIA SPACE-TRACK.ORG API","2026-03-17T17:21:16","18 SPCS","CZ-4C DEB","2018-031E","EARTH","TEME","UTC","SGP4","2026-03-17T10:39:53.946432","14.80271752","0.00369425","97.6940","84.0524","279.9238","79.7806","0","U","43263","999","42779","0.00029450469000","0.00002216","0.0000000000000","7006.603","97.279","654.353","602.584","DEBRIS","SMALL","PRC","2018-03-31","TSC","","5088782","316221452","0 CZ-4C DEB","1 43263U 18031E   26076.44437438  .00002216  00000-0  29450-3 0  9993","2 43263  97.6940  84.0524 0036942 279.9238  79.7806 14.80271752427795"
"3.0","GENERATED VIA SPACE-TRACK.ORG API","2026-03-18T04:49:44","18 SPCS","COSMOS 2535 DEB","2019-039K","EARTH","TEME","UTC","SGP4","2026-03-17T16:49:49.437696","14.82146771","0.00489472","97.7229","68.2636","347.0639","12.9315","0","U","44633","999","34713","0.00022225520000","0.00001753","0.0000000000000","7000.693","97.156","656.824","588.292","DEBRIS","SMALL","CIS","2019-07-10","PKMTR","","5089495","316270590","0 COSMOS 2535 DEB","1 44633U 19039K   26076.70126664  .00001753  00000-0  22226-3 0  9998","2 44633  97.7229  68.2636 0048947 347.0639  12.9315 14.82146771347133"
"3.0","GENERATED VIA SPACE-TRACK.ORG API","2026-03-17T10:38:38","18 SPCS","CZ-4C DEB","2018-031J","EARTH","TEME","UTC","SGP4","2026-03-16T09:42:10.380384","14.80486335","0.00040661","97.7301","133.7242","216.1087","143.9852","0","U","43270","999","43921","0.00010609654000","0.00000762","0.0000000000000","7005.926","97.265","630.640","624.943","DEBRIS","SMALL","PRC","2018-03-31","TSC","","5088757","316188460","0 CZ-4C DEB","1 43270U 18031J   26075.40428681  .00000762  00000-0  10610-3 0  9998","2 43270  97.7301 133.7242 0004066 216.1087 143.9852 14.80486335439211"
"3.0","GENERATED VIA SPACE-TRACK.ORG API","2020-10-28T05:10:23","18 SPCS","PSLV DEB","2001-049PJ","EARTH","TEME","UTC","SGP4","2009-11-14T04:23:34.933344","14.68270261","0.00436030","97.7379","302.1955","282.1076","84.3433","0","U","28856","999","27686","0.00005381200000","0.00000267","0.0000000000000","7044.732","98.074","697.314","635.880","DEBRIS","SMALL","IND","2001-10-22","SRI","","2863612","164353431","0 PSLV DEB","1 28856U 01049PJ  09318.18304321 +.00000267 +00000-0 +53812-4 0  9994","2 28856 097.7379 302.1955 0043603 282.1076 084.3433 14.68270261276861"
"3.0","GENERATED VIA SPACE-TRACK.ORG API","2026-03-18T04:49:44","18 SPCS","PSLV DEB","2001-049CD","EARTH","TEME","UTC","SGP4","2026-03-17T18:50:46.354272","14.69575011","0.00414182","97.7482","14.5368","165.6714","194.5677","0","U","27133","999","29290","0.00016593567000","0.00000951","0.0000000000000","7040.562","97.988","691.588","633.266","DEBRIS","SMALL","IND","2001-10-22","SRI","","5089495","316261299","0 PSLV DEB","1 27133U 01049CD  26076.78525873  .00000951  00000-0  16594-3 0  9999","2 27133  97.7482  14.5368 0041418 165.6714 194.5677 14.69575011292900"
"3.0","GENERATED VIA SPACE-TRACK.ORG API","2026-03-18T04:49:44","18 SPCS","CZ-4B DEB","2020-067H","EARTH","TEME","UTC","SGP4","2026-03-17T20:52:02.360064","14.76810337","0.00285269","97.7498","117.4555","229.2299","130.6436","0","U","49046","999","27040","0.00023182166000","0.00001587","0.0000000000000","7017.547","97.507","659.431","619.394","DEBRIS","SMALL","PRC","2020-09-27","TSC","","5089495","316273156","0 CZ-4B DEB","1 49046U 20067H   26076.86947176  .00001587  00000-0  23182-3 0  9997","2 49046  97.7498 117.4555 0028527 229.2299 130.6436 14.76810337270402"
"3.0","GENERATED VIA SPACE-TRACK.ORG API","2025-04-09T17:26:22","18 SPCS","STRIX-BETA DEB","2022-020E","EARTH","TEME","UTC","SGP4","2022-09-10T09:35:20.630976","15.01305959","0.00102840","97.7512","307.1192","2.6328","357.4948","0","U","53461","999","586","0.00023730000000","0.00002995","0.0000000000000","6941.005","95.916","570.008","555.732","DEBRIS","SMALL","JPN","2022-02-28","RLLC","","4696649","285207911","0 STRIX-BETA DEB","1 53461U 22020E   22253.39954434  .00002995  00000-0  23730-3 0  9993","2 53461  97.7512 307.1192 0010284   2.6328 357.4948 15.01305959  5868"
"3.0","GENERATED VIA SPACE-TRACK.ORG API","2026-03-18T04:49:44","18 SPCS","COSMOS 2535 DEB","2019-039L","EARTH","TEME","UTC","SGP4","2026-03-17T21:56:18.945024","14.78967417","0.00596119","97.7577","64.3487","12.0615","348.2008","0","U","44640","999","34699","0.00021734183000","0.00001600","0.0000000000000","7010.722","97.365","674.380","590.795","DEBRIS","SMALL","CIS","2019-07-10","PKMTR","","5089495","316270592","0 COSMOS 2535 DEB","1 44640U 19039L   26076.91410816  .00001600  00000-0  21734-3 0  9998","2 44640  97.7577  64.3487 0059612  12.0615 348.2008 14.78967417346992"
"3.0","GENERATED VIA SPACE-TRACK.ORG API","2026-03-18T04:49:44","18 SPCS","CZ-4C DEB","2018-031G","EARTH","TEME","UTC","SGP4","2026-03-17T15:49:47.086464","15.02310995","0.00086987","97.7687","160.2850","209.3901","150.6836","0","U","43265","999","43069","0.00046303580000","0.00006062","0.0000000000000","6937.909","95.852","565.809","553.739","DEBRIS","LARGE","PRC","2018-03-31","TSC","","5089495","316269784","0 CZ-4C DEB","1 43265U 18031G   26076.65957276  .00006062  00000-0  46304-3 0  9995","2 43265  97.7687 160.2850 0008699 209.3901 150.6836 15.02310995430690"
"3.0","GENERATED VIA SPACE-TRACK.ORG API","2025-04-09T17:16:24","18 SPCS","PSLV DEB","2001-049PT","EARTH","TEME","UTC","SGP4","2012-02-03T20:31:55.825536","14.68335919","0.00487430","97.7722","2.3658","221.5748","116.7175","0","U","35335","999","35059","0.00003811400000","0.00000176","0.0000000000000","7044.522","98.070","700.725","632.050","DEBRIS","SMALL","IND","2001-10-22","SRI","","4696433","285198473","0 PSLV DEB","1 35335U 01049PT  12034.85550724  .00000176  00000-0  38114-4 0  9994","2 35335  97.7722   2.3658 0048743 221.5748 116.7175 14.68335919350593"
"3.0","GENERATED VIA SPACE-TRACK.ORG API","2026-03-17T17:21:16","18 SPCS","CZ-4B DEB","2006-015D","EARTH","TEME","UTC","SGP4","2026-03-17T11:23:40.017408","14.74697414","0.01196611","97.7831","89.3821","55.9273","305.3226","0","U","29537","999","4833","0.00076585279000","0.00005693","0.0000000000000","7024.249","97.647","730.167","562.061","DEBRIS","SMALL","PRC","2006-04-26","TSC","","5088782","316213462","0 CZ-4B DEB","1 29537U 06015D   26076.47476872  .00005693  00000-0  76585-3 0  9991","2 29537  97.7831  89.3821 0119661  55.9273 305.3226 14.74697414 48335"
"3.0","GENERATED VIA SPACE-TRACK.ORG API","2026-03-18T04:49:44","18 SPCS","CZ-4C DEB","2018-031C","EARTH","TEME","UTC","SGP4","2026-03-17T22:41:52.714464","15.00199976","0.00055586","97.7836","161.1221","202.5638","157.5342","0","U","43261","999","43072","0.00038780778000","0.00004789","0.0000000000000","6944.416","95.987","570.141","562.421","DEBRIS","LARGE","PRC","2018-03-31","TSC","","5089495","316269782","0 CZ-4C DEB","1 43261U 18031C   26076.94574901  .00004789  00000-0  38781-3 0  9997","2 43261  97.7836 161.1221 0005559 202.5638 157.5342 15.00199976430722"
"3.0","GENERATED VIA SPACE-TRACK.ORG API","2026-03-18T04:49:44","18 SPCS","PSLV DEB","2016-059K","EARTH","TEME","UTC","SGP4","2026-03-17T22:17:15.010080","14.79201508","0.00226274","97.7843","101.1821","88.5436","271.8368","0","U","41792","999","50738","0.00036956936000","0.00002704","0.0000000000000","7009.983","97.350","647.709","615.986","DEBRIS","LARGE","IND","2016-09-26","SRI","","5089495","316268869","0 PSLV DEB","1 41792U 16059K   26076.92864595  .00002704  00000-0  36957-3 0  9999","2 41792  97.7843 101.1821 0022627  88.5436 271.8368 14.79201508507385"
"3.0","GENERATED VIA SPACE-TRACK.ORG API","2025-04-09T17:26:22","18 SPCS","STRIX-BETA DEB","2022-020D","EARTH","TEME","UTC","SGP4","2022-11-18T21:36:18.081792","15.00472801","0.00159530","97.7893","16.3828","150.1717","210.0419","0","U","53460","999","1628","0.00009111900000","0.00001088","0.0000000000000","6943.574","95.970","576.516","554.362","DEBRIS","MEDIUM","JPN","2022-02-28","RLLC","","4696733","285207452","0 STRIX-BETA DEB","1 53460U 22020D   22322.90020928  .00001088  00000-0  91119-4 0  9997","2 53460  97.7893  16.3828 0015953 150.1717 210.0419 15.00472801 16288"
"3.0","GENERATED VIA SPACE-TRACK.ORG API","2026-03-16T02:37:31","18 SPCS","DELTA 1 DEB","1972-058JN","EARTH","TEME","UTC","SGP4","2026-03-15T17:07:06.918528","14.72903288","0.00114676","97.7903","59.6531","269.1192","270.2776","0","U","42555","999","66061","0.00018865436000","0.00001162","0.0000000000000","7029.952","97.766","659.879","643.755","DEBRIS","SMALL","US","1972-07-23","AFWTR","","5087165","316087798","0 DELTA 1 DEB","1 42555U 72058JN  26074.71327452  .00001162  00000-0  18865-3 0  9994","2 42555  97.7903  59.6531 0011468 269.1192 270.2776 14.72903288660611"
"3.0","GENERATED VIA SPACE-TRACK.ORG API","2026-03-17T17:21:16","18 SPCS","CZ-4C DEB","2018-031K","EARTH","TEME","UTC","SGP4","2026-03-17T11:13:06.953376","14.95681820","0.00041735","97.7984","161.7275","219.1395","140.9524","0","U","44616","999","41250","0.00028260949000","0.00003086","0.0000000000000","6958.394","96.277","583.163","577.355","DEBRIS","SMALL","PRC","2018-03-31","TSC","","5088782","316221753","0 CZ-4C DEB","1 44616U 18031K   26076.46744159  .00003086  00000-0  28261-3 0  9994","2 44616  97.7984 161.7275 0004174 219.1395 140.9524 14.95681820412503"
"3.0","GENERATED VIA SPACE-TRACK.ORG API","2026-03-17T17:21:16","18 SPCS","CZ-4C DEB","2015-069D","EARTH","TEME","UTC","SGP4","2026-03-17T13:58:25.952448","14.76629966","0.01127588","97.7986","300.8663","309.1428","49.9802","0","U","42671","999","54297","0.00047079552000","0.00003596","0.0000000000000","7018.119","97.519","719.119","560.848","DEBRIS","SMALL","PRC","2015-11-26","TSC","","5088782","316220827","0 CZ-4C DEB","1 42671U 15069D   26076.58224482  .00003596  00000-0  47080-3 0  9992","2 42671  97.7986 300.8663 0112759 309.1428  49.9802 14.76629966542971"
"3.0","GENERATED VIA SPACE-TRACK.ORG API","2026-03-18T04:49:44","18 SPCS","SL-24 DEB","2007-012D","EARTH","TEME","UTC","SGP4","2026-03-17T21:38:23.088768","14.84843947","0.00076687","97.7986","40.7253","48.2525","311.9344","0","U","31120","999","1893","0.00020334292000","0.00001676","0.0000000000000","6992.213","96.980","619.440","608.716","DEBRIS","MEDIUM","CIS","2007-04-17","TTMTR","","5089495","316263285","0 SL-24 DEB","1 31120U 07012D   26076.90165612  .00001676  00000-0  20334-3 0  9993","2 31120  97.7986  40.7253 0007669  48.2525 311.9344 14.84843947 18938"
"3.0","GENERATED VIA SPACE-TRACK.ORG API","2026-03-17T17:21:16","18 SPCS","DELTA 1 DEB","1975-004BL","EARTH","TEME","UTC","SGP4","2026-03-17T10:32:42.705024","14.87551109","0.00271005","97.7986","149.3941","156.1436","204.1043","0","U","8978","999","65368","0.00021314723000","0.00001892","0.0000000000000","6983.727","96.803","624.518","586.666","DEBRIS","MEDIUM","US","1975-01-22","AFWTR","","5088782","316206809","0 DELTA 1 DEB","1 08978U 75004BL  26076.43938316  .00001892  00000-0  21315-3 0  9991","2 08978  97.7986 149.3941 0027101 156.1436 204.1043 14.87551109653681"
"3.0","GENERATED VIA SPACE-TRACK.ORG API","2026-03-18T04:49:44","18 SPCS","CZ-2C DEB","2013-035D","EARTH","TEME","UTC","SGP4","2026-03-17T21:54:15.353280","14.88993528","0.00558538","97.8139","77.1058","100.1519","260.6004","0","U","39205","999","67469","0.00073977588000","0.00007110","0.0000000000000","6979.216","96.710","640.063","562.099","DEBRIS","SMALL","PRC","2013-07-15","JSC","","5089495","316267069","0 CZ-2C DEB","1 39205U 13035D   26076.91267770  .00007110  00000-0  73978-3 0  9997","2 39205  97.8139  77.1058 0055854 100.1519 260.6004 14.88993528674697"
"3.0","GENERATED VIA SPACE-TRACK.ORG API","2026-03-18T04:49:44","18 SPCS","CZ-4C DEB","2010-038F","EARTH","TEME","UTC","SGP4","2026-03-17T15:26:13.089984","14.75291327","0.01222989","97.8396","148.7198","157.0892","203.5839","0","U","37570","999","82476","0.00068581792000","0.00005193","0.0000000000000","7022.364","97.608","730.111","558.346","DEBRIS","SMALL","PRC","2010-08-09","TSC","","5089495","316266084","0 CZ-4C DEB","1 37570U 10038F   26076.64320706  .00005193  00000-0  68582-3 0  9993","2 37570  97.8396 148.7198 0122299 157.0892 203.5839 14.75291327824769"
"3.0","GENERATED VIA SPACE-TRACK.ORG API","2025-04-09T17:06:23","18 SPCS","PSLV DEB","2001-049QC","EARTH","TEME","UTC","SGP4","2023-06-12T22:12:07.949664","14.72220612","0.00482740","97.8420","195.1018","219.1815","246.1525","0","U","35344","999","62","0.00285290000000","0.00018323","0.0000000000000","7032.125","97.811","687.937","620.043","DEBRIS","SMALL","IND","2001-10-22","SRI","","4696056","285186409","0 PSLV DEB","1 35344U 01049QC  23163.92509201  .00018323  00000-0  28529-2 0  9991","2 35344  97.8420 195.1018 0048274 219.1815 246.1525 14.72220612   628"
"3.0","GENERATED VIA SPACE-TRACK.ORG API","2026-03-18T04:49:44","18 SPCS","DELTA 1 DEB","1972-058JY","EARTH","TEME","UTC","SGP4","2026-03-17T16:32:29.977440","14.55755135","0.00375526","97.8602","237.4543","107.5388","252.9919","0","U","42565","999","65315","0.00015573659000","0.00000645","0.0000000000000","7085.051","98.918","733.522","680.309","DEBRIS","SMALL","US","1972-07-23","AFWTR","","5089495","316269608","0 DELTA 1 DEB","1 42565U 72058JY  26076.68923585  .00000645  00000-0  15574-3 0  9991","2 42565  97.8602 237.4543 0037553 107.5388 252.9919 14.55755135653157"
"3.0","GENERATED VIA SPACE-TRACK.ORG API","2026-03-18T04:49:44","18 SPCS","DELTA 1 DEB","1966-008E","EARTH","TEME","UTC","SGP4","2026-03-17T20:36:56.629728","14.71588041","0.00453219","97.8612","196.0244","239.5871","120.0854","0","U","2154","999","16558","0.00020352596000","0.00001235","0.0000000000000","7034.140","97.853","687.885","624.125","DEBRIS","SMALL","US","1966-02-03","AFETR","","5089495","316254399","0 DELTA 1 DEB","1 02154U 66008E   26076.85898877  .00001235  00000-0  20353-3 0  9990","2 02154  97.8612 196.0244 0045322 239.5871 120.0854 14.71588041165588"
"3.0","GENERATED VIA SPACE-TRACK.ORG API","2026-03-18T04:49:44","18 SPCS","DELTA 1 DEB","1975-004HK","EARTH","TEME","UTC","SGP4","2026-03-17T21:48:19.011168","14.58156670","0.00480182","97.8755","53.9361","130.5609","229.9787","0","U","18475","999","13459","0.00009758478400","0.00000413","0.0000000000000","7077.269","98.755","733.118","665.150","DEBRIS","SMALL","US","1975-01-22","AFWTR","","5089495","316258288","0 DELTA 1 DEB","1 18475U 75004HK  26076.90855337  .00000413  00000-0  97585-4 0  9998","2 18475  97.8755  53.9361 0048018 130.5609 229.9787 14.58156670134599"
"3.0","GENERATED VIA SPACE-TRACK.ORG API","2026-03-17T10:38:38","18 SPCS","DELTA 1 DEB","1972-058JR","EARTH","TEME","UTC","SGP4","2026-03-17T03:11:04.319232","14.67474405","0.00360996","97.8769","45.0892","321.7970","38.0678","0","U","42558","999","65699","0.00023722751000","0.00001308","0.0000000000000","7047.279","98.128","694.585","643.704","DEBRIS","SMALL","US","1972-07-23","AFWTR","","5088757","316187280","0 DELTA 1 DEB","1 42558U 72058JR  26076.13268888  .00001308  00000-0  23723-3 0  9993","2 42558  97.8769  45.0892 0036100 321.7970  38.0678 14.67474405656998"
"3.0","GENERATED VIA SPACE-TRACK.ORG API","2026-03-17T10:38:38","18 SPCS","YAOGAN 29 DEB","2015-069F","EARTH","TEME","UTC","SGP4","2026-03-17T07:56:08.042496","14.90987908","0.00024147","97.8875","112.2296","337.8457","22.2656","0","U","42673","999","55829","0.00011044774000","0.00001035","0.0000000000000","6972.991","96.580","596.540","593.172","DEBRIS","SMALL","PRC","2015-11-26","TSC","","5088757","316187834","0 YAOGAN 29 DEB","1 42673U 15069F   26076.33064864  .00001035  00000-0  11045-3 0  9991","2 42673  97.8875 112.2296 0002415 337.8457  22.2656 14.90987908558297"
"3.0","GENERATED VIA SPACE-TRACK.ORG API","2026-03-18T04:49:44","18 SPCS","DELTA 1 DEB","1975-004BN","EARTH","TEME","UTC","SGP4","2026-03-17T23:08:42.614304","14.68055180","0.00376147","97.9224","328.6142","303.7351","56.0272","0","U","8980","999","63382","0.00018960392000","0.00001050","0.0000000000000","7045.421","98.089","693.787","640.784","DEBRIS","MEDIUM","US","1975-01-22","AFWTR","","5089495","316255641","0 DELTA 1 DEB","1 08980U 75004BN  26076.96438211  .00001050  00000-0  18960-3 0  9999","2 08980  97.9224 328.6142 0037615 303.7351  56.0272 14.68055180633822"
"3.0","GENERATED VIA SPACE-TRACK.ORG API","2026-03-18T04:49:44","18 SPCS","YZ-1S DEB","2018-077C","EARTH","TEME","UTC","SGP4","2026-03-17T20:48:08.344800","14.72027290","0.00065604","97.9308","121.3139","7.8058","352.3250","0","U","43644","999","39720","0.00033490892000","0.00002055","0.0000000000000","7032.741","97.824","659.219","649.992","DEBRIS","LARGE","PRC","2018-10-09","JSC","","5089495","316270399","0 YZ-1S DEB","1 43644U 18077C   26076.86676325  .00002055  00000-0  33491-3 0  9993","2 43644  97.9308 121.3139 0006560   7.8058 352.3250 14.72027290397209"
"3.0","GENERATED VIA SPACE-TRACK.ORG API","2026-03-18T04:49:44","18 SPCS","SL-24 DEB","2011-044J","EARTH","TEME","UTC","SGP4","2026-03-17T20:59:06.149472","14.64894857","0.00145081","97.9464","45.4012","103.3300","278.6067","0","U","37796","999","77711","0.00016576014000","0.00000841","0.0000000000000","7055.550","98.301","687.651","667.179","DEBRIS","LARGE","CIS","2011-08-17","OREN","","5089495","316267163","0 SL-24 DEB","1 37796U 11044J   26076.87437673  .00000841  00000-0  16576-3 0  9999","2 37796  97.9464  45.4012 0014508 103.3300 278.6067 14.64894857777112"
"3.0","GENERATED VIA SPACE-TRACK.ORG API","2026-03-18T04:49:44","18 SPCS","CZ-4C DEB","2013-037E","EARTH","TEME","UTC","SGP4","2026-03-17T22:07:25.089888","14.90077736","0.00022322","97.9484","92.5197","296.6058","63.4930","0","U","39212","999","68124","0.00039224319000","0.00003733","0.0000000000000","6975.830","96.639","599.252","596.138","DEBRIS","LARGE","PRC","2013-07-19","TSC","","5089495","316267572","0 CZ-4C DEB","1 39212U 13037E   26076.92181817  .00003733  00000-0  39224-3 0  9998","2 39212  97.9484  92.5197 0002232 296.6058  63.4930 14.90077736681248"
"3.0","GENERATED VIA SPACE-TRACK.ORG API","2026-03-18T04:49:44","18 SPCS","DELTA 1 DEB","1975-004DU","EARTH","TEME","UTC","SGP4","2026-03-17T20:18:43.929792","14.60453214","0.00794484","97.9497","189.8659","114.9032","246.0453","0","U","9293","999","62895","0.00016769524000","0.00000802","0.0000000000000","7069.848","98.600","747.882","635.544","DEBRIS","SMALL","US","1975-01-22","AFWTR","","5089495","316256150","0 DELTA 1 DEB","1 09293U 75004DU  26076.84634178  .00000802  00000-0  16770-3 0  9995","2 09293  97.9497 189.8659 0079448 114.9032 246.0453 14.60453214628952"
"3.0","GENERATED VIA SPACE-TRACK.ORG API","2026-03-18T04:49:44","18 SPCS","SPHEREX DEB","2025-047F","EARTH","TEME","UTC","SGP4","2026-03-17T19:00:57.763008","14.79756299","0.00080154","97.9525","264.9841","109.2562","250.9517","0","U","63332","999","5359","0.00075393880000","0.00005624","0.0000000000000","7008.230","97.313","635.713","624.478","DEBRIS","MEDIUM","US","2025-03-12","AFWTR","","5089495","316282447","0 SPHEREX DEB","1 63332U 25047F   26076.79233522  .00005624  00000-0  75394-3 0  9997","2 63332  97.9525 264.9841 0008015 109.2562 250.9517 14.79756299 53599"
"3.0","GENERATED VIA SPACE-TRACK.ORG API","2026-03-18T04:49:44","18 SPCS","CZ-4C DEB","2010-038D","EARTH","TEME","UTC","SGP4","2026-03-17T17:28:53.204448","14.75969237","0.01204461","97.9537","173.2451","201.9316","157.6714","0","U","37568","999","82229","0.00086650940000","0.00006660","0.0000000000000","7020.213","97.563","726.634","557.522","DEBRIS","SMALL","PRC","2010-08-09","TSC","","5089495","316266083","0 CZ-4C DEB","1 37568U 10038D   26076.72839357  .00006660  00000-0  86651-3 0  9993","2 37568  97.9537 173.2451 0120446 201.9316 157.6714 14.75969237822290"
"3.0","GENERATED VIA SPACE-TRACK.ORG API","2026-03-18T04:49:44","18 SPCS","CZ-4 DEB","2007-042C","EARTH","TEME","UTC","SGP4","2026-03-17T18:18:21.239712","14.62529480","0.00885439","97.9593","88.2211","159.9920","200.4790","0","U","32473","999","96535","0.00044021239000","0.00002313","0.0000000000000","7063.155","98.460","747.560","622.480","DEBRIS","SMALL","PRC","2007-09-19","TSC","","5089495","316264205","0 CZ-4 DEB","1 32473U 07042C   26076.76274583  .00002313  00000-0  44021-3 0  9998","2 32473  97.9593  88.2211 0088544 159.9920 200.4790 14.62529480965350"
"3.0","GENERATED VIA SPACE-TRACK.ORG API","2026-03-18T04:49:44","18 SPCS","H-2A DEB *","2018-084DF","EARTH","TEME","UTC","SGP4","2026-03-17T21:28:58.279872","14.65862927","0.00282558","97.9608","310.0046","290.7718","69.0459","0","U","48551","999","26868","0.00022116794000","0.00001167","0.0000000000000","7052.443","98.236","694.236","654.381","DEBRIS","SMALL","JPN","2018-10-29","TNSTA","","5089495","316272017","0 H-2A DEB *","1 48551U 18084DF  26076.89511898  .00001167  00000-0  22117-3 0  9995","2 48551  97.9608 310.0046 0028256 290.7718  69.0459 14.65862927268688"
"3.0","GENERATED VIA SPACE-TRACK.ORG API","2026-01-23T04:38:27","18 SPCS","FENGYUN 1C DEB","1999-025BAY","EARTH","TEME","UTC","SGP4","2024-10-12T10:35:28.549824","14.69345679","0.00791255","97.9626","152.4276","107.9841","253.0009","0","U","30958","999","56314","0.00812778570000","0.00050669","0.0000000000000","7041.295","98.003","718.874","607.445","DEBRIS","SMALL","PRC","1999-05-10","TSC","","4975303","309669174","0 FENGYUN 1C DEB","1 30958U 99025BAY 24286.44130266  .00050669  00000-0  81278-2 0  9992","2 30958  97.9626 152.4276 0079125 107.9841 253.0009 14.69345679563149"
"3.0","GENERATED VIA SPACE-TRACK.ORG API","2026-03-18T04:49:44","18 SPCS","DELTA 1 DEB","1975-004M","EARTH","TEME","UTC","SGP4","2026-03-17T19:25:05.789856","14.53092150","0.00459279","97.9651","160.5611","209.2481","150.6144","0","U","8685","999","69581","0.00011361564000","0.00000432","0.0000000000000","7093.704","99.099","748.149","682.989","DEBRIS","MEDIUM","US","1975-01-22","AFWTR","","5089495","316256105","0 DELTA 1 DEB","1 08685U 75004M   26076.80909479  .00000432  00000-0  11362-3 0  9995","2 08685  97.9651 160.5611 0045928 209.2481 150.6144 14.53092150695810"
"3.0","GENERATED VIA SPACE-TRACK.ORG API","2026-03-18T04:49:44","18 SPCS","SL-24 DEB","2010-028E","EARTH","TEME","UTC","SGP4","2026-03-17T19:48:51.204096","14.78586101","0.00145883","97.9651","277.2361","322.0980","37.9203","0","U","36602","999","84088","0.00041503923000","0.00002989","0.0000000000000","7011.928","97.390","644.022","623.563","DEBRIS","LARGE","CIS","2010-06-15","OREN","","5089495","316265889","0 SL-24 DEB","1 36602U 10028E   26076.82559264  .00002989  00000-0  41504-3 0  9995","2 36602  97.9651 277.2361 0014588 322.0980  37.9203 14.78586101840887"
"3.0","GENERATED VIA SPACE-TRACK.ORG API","2026-03-18T04:49:44","18 SPCS","ARIANE 1 DEB","1986-019AG","EARTH","TEME","UTC","SGP4","2026-03-17T23:17:18.810240","14.67032255","0.00130358","98.0014","82.8858","192.1177","167.9716","0","U","17153","999","2191","0.00045105665000","0.00002485","0.0000000000000","7048.695","98.157","679.749","661.372","DEBRIS","MEDIUM","FR","1986-02-22","FRGUI","","5089495","316257668","0 ARIANE 1 DEB","1 17153U 86019AG  26076.97035660  .00002485  00000-0  45106-3 0  9996","2 17153  98.0014  82.8858 0013036 192.1177 167.9716 14.67032255 21916"
"3.0","GENERATED VIA SPACE-TRACK.ORG API","2026-03-18T04:49:44","18 SPCS","CZ-4C DEB","2013-037F","EARTH","TEME","UTC","SGP4","2026-03-17T21:55:31.016352","14.75625498","0.00111972","98.0341","81.0141","18.4275","341.7337","0","U","39213","999","67974","0.00013336370000","0.00000859","0.0000000000000","7021.303","97.586","651.030","635.307","DEBRIS","SMALL","PRC","2013-07-19","TSC","","5089495","316267073","0 CZ-4C DEB","1 39213U 13037F   26076.91355343  .00000859  00000-0  13336-3 0  9997","2 39213  98.0341  81.0141 0011197  18.4275 341.7337 14.75625498679748"
"3.0","GENERATED VIA SPACE-TRACK.ORG API","2026-03-18T04:49:44","18 SPCS","DELTA 1 DEB","1975-004AQ","EARTH","TEME","UTC","SGP4","2026-03-17T19:16:39.071136","14.63557761","0.00339560","98.0347","25.3071","358.2054","1.9021","0","U","8958","999","64844","0.00024913577000","0.00001256","0.0000000000000","7059.847","98.390","705.684","657.739","DEBRIS","SMALL","US","1975-01-22","AFWTR","","5089495","316256137","0 DELTA 1 DEB","1 08958U 75004AQ  26076.80322999  .00001256  00000-0  24914-3 0  9996","2 08958  98.0347  25.3071 0033956 358.2054   1.9021 14.63557761648448"
"3.0","GENERATED VIA SPACE-TRACK.ORG API","2026-03-18T04:49:44","18 SPCS","ALOS DEB","2006-002AA","EARTH","TEME","UTC","SGP4","2026-03-17T21:10:58.186560","14.84600029","0.00022881","98.0364","48.5977","97.6417","262.5057","0","U","36571","999","85015","0.00044368190000","0.00003693","0.0000000000000","6992.979","96.996","616.444","613.244","DEBRIS","SMALL","JPN","2006-01-24","TNSTA","","5089495","316266379","0 ALOS DEB","1 36571U 06002AA  26076.88261790  .00003693  00000-0  44368-3 0  9991","2 36571  98.0364  48.5977 0002288  97.6417 262.5057 14.84600029850158"
"3.0","GENERATED VIA SPACE-TRACK.ORG API","2026-03-18T04:49:44","18 SPCS","ARIANE 1 DEB","1986-019LU","EARTH","TEME","UTC","SGP4","2026-03-17T19:03:58.432320","14.55898409","0.00057612","98.0433","103.2818","34.6043","325.5530","0","U","17702","999","6573","0.00032792918000","0.00001396","0.0000000000000","7084.586","98.908","710.532","702.369","DEBRIS","SMALL","FR","1986-02-22","FRGUI","","5089495","316258215","0 ARIANE 1 DEB","1 17702U 86019LU  26076.79442630  .00001396  00000-0  32793-3 0  9993","2 17702  98.0433 103.2818 0005761  34.6043 325.5530 14.55898409 65735"
"3.0","GENERATED VIA SPACE-TRACK.ORG API","2026-03-18T04:49:44","18 SPCS","PSLV DEB","2001-049CS","EARTH","TEME","UTC","SGP4","2026-03-17T23:08:51.389088","14.96095835","0.00353129","98.0468","155.4677","223.7766","309.7565","0","U","27146","999","30285","0.00028931189000","0.00003229","0.0000000000000","6957.110","96.251","603.543","554.408","DEBRIS","SMALL","IND","2001-10-22","SRI","","5089495","316261301","0 PSLV DEB","1 27146U 01049CS  26076.96448367  .00003229  00000-0  28931-3 0  9994","2 27146  98.0468 155.4677 0035313 223.7766 309.7565 14.96095835302853"
"3.0","GENERATED VIA SPACE-TRACK.ORG API","2026-03-17T10:38:38","18 SPCS","FENGYUN 1C DEB","1999-025DQS","EARTH","TEME","UTC","SGP4","2026-03-16T13:14:07.266336","14.66495159","0.00976548","98.0583","106.8141","326.9663","32.5464","0","U","35234","999","95730","0.00076334366000","0.00004489","0.0000000000000","7050.416","98.193","741.132","603.430","DEBRIS","SMALL","PRC","1999-05-10","TSC","","5088757","316183756","0 FENGYUN 1C DEB","1 35234U 99025DQS 26075.55147299  .00004489  00000-0  76334-3 0  9995","2 35234  98.0583 106.8141 0097655 326.9663  32.5464 14.66495159957308"
"3.0","GENERATED VIA SPACE-TRACK.ORG API","2026-03-18T04:49:44","18 SPCS","DELTA 1 DEB","1975-004AH","EARTH","TEME","UTC","SGP4","2026-03-17T17:27:56.575296","14.69902335","0.00301115","98.0597","1.2732","70.0117","290.4327","0","U","8951","999","63787","0.00022488319000","0.00001305","0.0000000000000","7039.517","97.966","682.579","640.185","DEBRIS","SMALL","US","1975-01-22","AFWTR","","5089495","316255636","0 DELTA 1 DEB","1 08951U 75004AH  26076.72773814  .00001305  00000-0  22488-3 0  9995","2 08951  98.0597   1.2732 0030111  70.0117 290.4327 14.69902335637870"
"3.0","GENERATED VIA SPACE-TRACK.ORG API","2026-03-18T04:49:44","18 SPCS","PSLV DEB","2001-049BU","EARTH","TEME","UTC","SGP4","2026-03-17T22:21:04.300992","14.92768969","0.00280888","98.0600","141.4293","350.2599","182.6505","0","U","27124","999","30611","0.00020838791000","0.00002108","0.0000000000000","6967.443","96.465","608.879","569.738","DEBRIS","MEDIUM","IND","2001-10-22","SRI","","5089495","316261797","0 PSLV DEB","1 27124U 01049BU  26076.93129978  .00002108  00000-0  20839-3 0  9995","2 27124  98.0600 141.4293 0028089 350.2599 182.6505 14.92768969306114"
"3.0","GENERATED VIA SPACE-TRACK.ORG API","2026-03-18T04:49:44","18 SPCS","DMSP 5D-2 F12 DEB","1994-057D","EARTH","TEME","UTC","SGP4","2026-03-17T21:02:10.101120","14.95801869","0.00045036","98.0636","118.6600","126.3960","51.3142","0","U","23250","999","65421","0.00149877760000","0.00016699","0.0000000000000","6958.022","96.269","583.021","576.753","DEBRIS","SMALL","US","1994-08-29","AFWTR","","5089495","316259613","0 DMSP 5D-2 F12 DEB","1 23250U 94057D   26076.87650580  .00016699  00000-0  14988-2 0  9990","2 23250  98.0636 118.6600 0004504 126.3960  51.3142 14.95801869654213"
"3.0","GENERATED VIA SPACE-TRACK.ORG API","2026-03-17T17:21:16","18 SPCS","ASTRO F DEB (LENS COVER)","2006-005E","EARTH","TEME","UTC","SGP4","2026-03-17T11:03:44.988768","14.67021827","0.00096266","98.0739","92.0727","137.4302","222.7650","0","U","29054","999","6898","0.00014173608000","0.00000747","0.0000000000000","7048.729","98.158","677.379","663.808","DEBRIS","MEDIUM","JPN","2006-02-21","KSCUT","","5088782","316212864","0 ASTRO F DEB (LENS COVER)","1 29054U 06005E   26076.46093737  .00000747  00000-0  14174-3 0  9999","2 29054  98.0739  92.0727 0009627 137.4302 222.7650 14.67021827 68982"
"3.0","GENERATED VIA SPACE-TRACK.ORG API","2026-03-18T04:49:44","18 SPCS","PAYLOAD A DEB","2013-037J","EARTH","TEME","UTC","SGP4","2026-03-17T23:16:39.468864","14.72594620","0.00090744","98.0859","81.0811","76.1244","284.0973","0","U","39357","999","67885","0.00011536801000","0.00000684","0.0000000000000","7030.934","97.787","659.179","646.419","DEBRIS","LARGE","PRC","2013-07-19","TSC","","5089495","316267123","0 PAYLOAD A DEB","1 39357U 13037J   26076.96990126  .00000684  00000-0  11537-3 0  9992","2 39357  98.0859  81.0811 0009074  76.1244 284.0973 14.72594620678858"
"3.0","GENERATED VIA SPACE-TRACK.ORG API","2026-03-16T02:37:31","18 SPCS","FENGYUN 1C DEB","1999-025CJB","EARTH","TEME","UTC","SGP4","2026-03-15T23:08:46.706208","14.84547947","0.00909012","98.0867","156.7508","75.3876","285.7396","0","U","31837","999","99741","0.00097551444000","0.00008807","0.0000000000000","6993.142","96.999","678.576","551.439","DEBRIS","SMALL","PRC","1999-05-10","TSC","","5087165","316081720","0 FENGYUN 1C DEB","1 31837U 99025CJB 26074.96442947  .00008807  00000-0  97551-3 0  9994","2 31837  98.0867 156.7508 0090901  75.3876 285.7396 14.84547947997412"
"3.0","GENERATED VIA SPACE-TRACK.ORG API","2026-03-18T04:49:44","18 SPCS","PSLV DEB","2001-049CM","EARTH","TEME","UTC","SGP4","2026-03-17T22:15:52.939584","14.90434963","0.00464267","98.0885","127.7871","172.3774","0.3821","0","U","27141","999","30839","0.00017016625000","0.00001630","0.0000000000000","6974.715","96.616","628.962","564.199","DEBRIS","MEDIUM","IND","2001-10-22","SRI","","5089495","316261300","0 PSLV DEB","1 27141U 01049CM  26076.92769606  .00001630  00000-0  17017-3 0  9994","2 27141  98.0885 127.7871 0046427 172.3774   0.3821 14.90434963308392"
"3.0","GENERATED VIA SPACE-TRACK.ORG API","2026-03-18T04:49:44","18 SPCS","FENGYUN 1C DEB","1999-025BCZ","EARTH","TEME","UTC","SGP4","2026-03-17T22:16:16.740192","14.61055226","0.00656523","98.0954","71.4309","98.8409","262.0233","0","U","31007","999","99483","0.00135991990000","0.00006842","0.0000000000000","7067.906","98.559","736.173","643.368","DEBRIS","SMALL","PRC","1999-05-10","TSC","","5089495","316263247","0 FENGYUN 1C DEB","1 31007U 99025BCZ 26076.92797153  .00006842  00000-0  13599-2 0  9999","2 31007  98.0954  71.4309 0065652  98.8409 262.0233 14.61055226994837"
"3.0","GENERATED VIA SPACE-TRACK.ORG API","2026-03-17T17:21:16","18 SPCS","PSLV DEB","2001-049NQ","EARTH","TEME","UTC","SGP4","2026-03-17T09:01:32.990592","14.89537192","0.00527417","98.0955","135.4887","71.4888","289.2050","0","U","27653","999","27563","0.00025368116000","0.00002420","0.0000000000000","6977.518","96.674","636.183","562.582","DEBRIS","SMALL","IND","2001-10-22","SRI","","5088782","316212541","0 PSLV DEB","1 27653U 01049NQ  26076.37607628  .00002420  00000-0  25368-3 0  9992","2 27653  98.0955 135.4887 0052742  71.4888 289.2050 14.89537192275631"
"3.0","GENERATED VIA SPACE-TRACK.ORG API","2026-03-18T04:49:44","18 SPCS","CZ-4C DEB","2013-037G","EARTH","TEME","UTC","SGP4","2026-03-17T22:22:25.580928","14.73313608","0.00123153","98.1033","84.3263","13.3274","346.8256","0","U","39214","999","67845","0.00013340005000","0.00000812","0.0000000000000","7028.647","97.739","659.168","641.856","DEBRIS","SMALL","PRC","2013-07-19","TSC","","5089495","316267573","0 CZ-4C DEB","1 39214U 13037G   26076.93224052  .00000812  00000-0  13340-3 0  9996","2 39214  98.1033  84.3263 0012315  13.3274 346.8256 14.73313608678453"
"3.0","GENERATED VIA SPACE-TRACK.ORG API","2026-03-18T04:49:44","18 SPCS","DELTA 1 DEB","1978-026DN","EARTH","TEME","UTC","SGP4","2026-03-17T22:17:18.920544","14.93326120","0.00391765","98.1035","73.6045","65.4869","351.0354","0","U","12269","999","38046","0.00075326863000","0.00007956","0.0000000000000","6965.710","96.429","614.864","560.286","DEBRIS","SMALL","US","1978-03-05","AFWTR","","5089495","316257024","0 DELTA 1 DEB","1 12269U 78026DN  26076.92869121  .00007956  00000-0  75327-3 0  9996","2 12269  98.1035  73.6045 0039177  65.4869 351.0354 14.93326120380461"
"3.0","GENERATED VIA SPACE-TRACK.ORG API","2026-03-16T02:37:31","18 SPCS","COSMOS 2506 DEB","2015-029C","EARTH","TEME","UTC","SGP4","2026-03-15T22:10:29.370720","14.72082497","0.00077804","98.1229","147.9337","79.5051","280.7032","0","U","47212","999","28391","0.00069302017000","0.00004311","0.0000000000000","7032.565","97.821","659.901","648.958","DEBRIS","SMALL","CIS","2015-06-23","PKMTR","","5087165","316090380","0 COSMOS 2506 DEB","1 47212U 15029C   26074.92395105  .00004311  00000-0  69302-3 0  9998","2 47212  98.1229 147.9337 0007780  79.5051 280.7032 14.72082497283911"
"3.0","GENERATED VIA SPACE-TRACK.ORG API","2026-03-18T04:49:44","18 SPCS","NOAA 12 DEB","1991-032D","EARTH","TEME","UTC","SGP4","2026-03-17T22:25:14.949984","14.84605484","0.00033347","98.1369","136.5662","220.7378","317.5500","0","U","37831","999","76205","0.00148059680000","0.00012471","0.0000000000000","6992.961","96.995","617.158","612.495","DEBRIS","MEDIUM","US","1991-05-14","AFWTR","","5089495","316267172","0 NOAA 12 DEB","1 37831U 91032D   26076.93420081  .00012471  00000-0  14806-2 0  9991","2 37831  98.1369 136.5662 0003335 220.7378 317.5500 14.84605484762057"
"3.0","GENERATED VIA SPACE-TRACK.ORG API","2026-03-17T17:21:16","18 SPCS","PSLV DEB","2001-049CA","EARTH","TEME","UTC","SGP4","2026-03-17T14:48:40.167648","14.85058827","0.00150634","98.1417","131.0828","38.0082","113.7351","0","U","27130","999","30480","0.00016207603000","0.00001329","0.0000000000000","6991.538","96.966","623.935","602.872","DEBRIS","MEDIUM","IND","2001-10-22","SRI","","5088782","316212467","0 PSLV DEB","1 27130U 01049CA  26076.61713157  .00001329  00000-0  16208-3 0  9994","2 27130  98.1417 131.0828 0015063  38.0082 113.7351 14.85058827304808"
"3.0","GENERATED VIA SPACE-TRACK.ORG API","2026-03-18T04:49:44","18 SPCS","CZ-4 DEB","1990-081CF","EARTH","TEME","UTC","SGP4","2026-03-17T22:25:27.950592","14.66334540","0.00355632","98.1658","133.1265","110.0684","65.8924","0","U","20973","999","85716","0.00042915717000","0.00002342","0.0000000000000","7050.931","98.204","697.871","647.721","DEBRIS","SMALL","PRC","1990-09-03","TSC","","5089495","316259161","0 CZ-4 DEB","1 20973U 90081CF  26076.93435128  .00002342  00000-0  42916-3 0  9991","2 20973  98.1658 133.1265 0035563 110.0684  65.8924 14.66334540857160"
"3.0","GENERATED VIA SPACE-TRACK.ORG API","2026-03-18T04:49:44","18 SPCS","CZ-4 DEB","1999-057CG","EARTH","TEME","UTC","SGP4","2026-03-17T20:24:06.319296","14.71387738","0.00408674","98.1716","36.0507","263.8221","150.0416","0","U","26194","999","63148","0.00032749283000","0.00002000","0.0000000000000","7034.778","97.867","685.393","627.894","DEBRIS","SMALL","PRC","1999-10-14","TSC","","5089495","316260602","0 CZ-4 DEB","1 26194U 99057CG  26076.85007314  .00002000  00000-0  32749-3 0  9991","2 26194  98.1716  36.0507 0040867 263.8221 150.0416 14.71387738631484"
"3.0","GENERATED VIA SPACE-TRACK.ORG API","2026-03-18T04:49:44","18 SPCS","SL-19 DEB","2009-059C","EARTH","TEME","UTC","SGP4","2026-03-17T18:31:48.622656","14.60180426","0.00106362","98.1813","261.5511","127.0732","243.8384","0","U","36038","999","86972","0.00016134677000","0.00000731","0.0000000000000","7070.728","98.618","700.114","685.073","DEBRIS","MEDIUM","CIS","2009-11-02","PKMTR","","5089495","316265755","0 SL-19 DEB","1 36038U 09059C   26076.77209054  .00000731  00000-0  16135-3 0  9998","2 36038  98.1813 261.5511 0010636 127.0732 243.8384 14.60180426869727"
"3.0","GENERATED VIA SPACE-TRACK.ORG API","2026-03-18T04:49:44","18 SPCS","DMSP 5D-2 F15 DEB","1999-067B","EARTH","TEME","UTC","SGP4","2026-03-17T19:37:15.294432","14.48486145","0.00043664","98.1873","92.0947","224.7270","310.9689","0","U","25992","999","37073","0.00072235705000","0.00002668","0.0000000000000","7108.734","99.414","733.703","727.495","DEBRIS","SMALL","US","1999-12-12","AFWTR","","5089495","316261039","0 DMSP 5D-2 F15 DEB","1 25992U 99067B   26076.81753813  .00002668  00000-0  72236-3 0  9990","2 25992  98.1873  92.0947 0004366 224.7270 310.9689 14.48486145370730"
"3.0","GENERATED VIA SPACE-TRACK.ORG API","2026-03-18T04:49:44","18 SPCS","CZ-2C DEB","2014-059C","EARTH","TEME","UTC","SGP4","2026-03-17T21:03:51.911424","14.89356038","0.00575129","98.1876","186.8665","220.2813","139.4136","0","U","40263","999","60947","0.00103440170000","0.00010072","0.0000000000000","6978.083","96.686","640.081","559.815","DEBRIS","SMALL","PRC","2014-09-28","JSC","","5089495","316267904","0 CZ-2C DEB","1 40263U 14059C   26076.87768416  .00010072  00000-0  10344-2 0  9996","2 40263  98.1876 186.8665 0057513 220.2813 139.4136 14.89356038609475"
"3.0","GENERATED VIA SPACE-TRACK.ORG API","2026-03-18T04:49:44","18 SPCS","ALOS DEB","2006-002Z","EARTH","TEME","UTC","SGP4","2026-03-17T21:00:18.182016","14.85322658","0.00020092","98.1892","62.1985","100.7566","320.6570","0","U","35418","999","2048","0.00039464299000","0.00003336","0.0000000000000","6990.710","96.949","613.980","611.171","DEBRIS","SMALL","JPN","2006-01-24","TNSTA","","5089495","316265123","0 ALOS DEB","1 35418U 06002Z   26076.87521044  .00003336  00000-0  39464-3 0  9995","2 35418  98.1892  62.1985 0002009 100.7566 320.6570 14.85322658 20488"
"3.0","GENERATED VIA SPACE-TRACK.ORG API","2026-03-18T04:49:44","18 SPCS","H-2A DEB","2012-025H","EARTH","TEME","UTC","SGP4","2026-03-17T21:46:47.399520","14.92643253","0.00070272","98.1913","205.7083","63.2313","296.9623","0","U","38347","999","74518","0.00040720080000","0.00004136","0.0000000000000","6967.834","96.473","594.596","584.803","DEBRIS","LARGE","JPN","2012-05-17","TNSTA","","5089495","316266808","0 H-2A DEB","1 38347U 12025H   26076.90749305  .00004136  00000-0  40720-3 0  9993","2 38347  98.1913 205.7083 0007027  63.2313 296.9623 14.92643253745188"
"3.0","GENERATED VIA SPACE-TRACK.ORG API","2026-03-18T04:49:44","18 SPCS","ARIANE 1 DEB","1986-019M","EARTH","TEME","UTC","SGP4","2026-03-17T23:06:09.237024","14.62201756","0.00626595","98.1979","99.7254","231.4968","190.6864","0","U","17117","999","4640","0.00072974810000","0.00003730","0.0000000000000","7064.211","98.482","730.340","641.812","DEBRIS","MEDIUM","FR","1986-02-22","FRGUI","","5089495","316258160","0 ARIANE 1 DEB","1 17117U 86019M   26076.96260691  .00003730  00000-0  72975-3 0  9997","2 17117  98.1979  99.7254 0062659 231.4968 190.6864 14.62201756 46401"
"3.0","GENERATED VIA SPACE-TRACK.ORG API","2026-03-15T17:50:51","18 SPCS","DELTA 1 DEB","1975-052MU","EARTH","TEME","UTC","SGP4","2026-03-15T14:01:20.280864","15.00466780","0.00032433","98.1993","198.9931","289.1964","135.3774","0","U","42659","999","66367","0.00075282480000","0.00009419","0.0000000000000","6943.593","95.970","567.710","563.206","DEBRIS","SMALL","US","1975-06-12","AFWTR","","5087142","316055688","0 DELTA 1 DEB","1 42659U 75052MU  26074.58426251  .00009419  00000-0  75282-3 0  9997","2 42659  98.1993 198.9931 0003243 289.1964 135.3774 15.00466780663673"
"3.0","GENERATED VIA SPACE-TRACK.ORG API","2026-03-18T04:49:44","18 SPCS","SL-24 DEB","2004-025J","EARTH","TEME","UTC","SGP4","2026-03-17T20:49:43.508352","14.84660770","0.00107595","98.2121","45.6514","257.9040","159.9984","0","U","28374","999","15858","0.00079706636000","0.00006695","0.0000000000000","6992.788","96.992","622.177","607.129","DEBRIS","MEDIUM","CIS","2004-06-29","TTMTR","","5089495","316261537","0 SL-24 DEB","1 28374U 04025J   26076.86786468  .00006695  00000-0  79707-3 0  9998","2 28374  98.2121  45.6514 0010759 257.9040 159.9984 14.84660770158588"
"3.0","GENERATED VIA SPACE-TRACK.ORG API","2026-03-18T04:49:44","18 SPCS","CZ-2C DEB","2014-014E","EARTH","TEME","UTC","SGP4","2026-03-17T22:31:12.971712","14.90297003","0.00530716","98.2123","190.3386","16.5057","343.7872","0","U","39628","999","63634","0.00089648725000","0.00008888","0.0000000000000","6975.146","96.625","634.029","559.993","DEBRIS","SMALL","PRC","2014-03-31","JSC","","5089495","316268184","0 CZ-2C DEB","1 39628U 14014E   26076.93834458  .00008888  00000-0  89649-3 0  9994","2 39628  98.2123 190.3386 0053072  16.5057 343.7872 14.90297003636347"
"3.0","GENERATED VIA SPACE-TRACK.ORG API","2026-03-18T04:49:44","18 SPCS","CZ-2D DEB","2017-060D","EARTH","TEME","UTC","SGP4","2026-03-17T22:58:48.074304","14.94887768","0.00287367","98.2150","229.4085","58.8301","301.5730","0","U","44611","999","45351","0.00039051000000","0.00004228","0.0000000000000","6960.858","96.328","602.726","562.720","DEBRIS","SMALL","PRC","2017-10-09","JSC","","5089495","316270082","0 CZ-2D DEB","1 44611U 17060D   26076.95750086  .00004228  00000-0  39051-3 0  9998","2 44611  98.2150 229.4085 0028737  58.8301 301.5730 14.94887768453514"
"3.0","GENERATED VIA SPACE-TRACK.ORG API","2026-03-17T18:56:36","18 SPCS","PSLV DEB","2001-049KB","EARTH","TEME","UTC","SGP4","2026-03-16T22:09:31.330656","14.79745746","0.00392270","98.2194","135.0357","68.4738","109.7225","0","U","27305","999","29979","0.00019101000000","0.00001398","0.0000000000000","7008.264","97.314","657.620","602.637","DEBRIS","SMALL","IND","2001-10-22","SRI","","5088914","316241125","0 PSLV DEB","1 27305U 01049KB  26075.92327929  .00001398  00000-0  19101-3 0  9990","2 27305  98.2194 135.0357 0039227  68.4738 109.7225 14.79745746299791"
"3.0","GENERATED VIA SPACE-TRACK.ORG API","2026-03-18T04:49:44","18 SPCS","SL-8 DEB","2002-054E","EARTH","TEME","UTC","SGP4","2026-03-17T21:18:22.915008","14.81772457","0.00274909","98.2405","307.5194","2.7631","357.3728","0","U","27769","999","24412","0.00031714267000","0.00002461","0.0000000000000","7001.872","97.181","642.986","604.488","DEBRIS","SMALL","CIS","2002-11-28","PKMTR","","5089495","316261905","0 SL-8 DEB","1 27769U 02054E   26076.88776522  .00002461  00000-0  31714-3 0  9990","2 27769  98.2405 307.5194 0027491   2.7631 357.3728 14.81772457244126"
"3.0","GENERATED VIA SPACE-TRACK.ORG API","2026-03-17T17:21:16","18 SPCS","CZ-4 DEB","1990-081CS","EARTH","TEME","UTC","SGP4","2026-03-17T13:06:21.904704","14.72021266","0.00152592","98.2429","105.0975","226.5022","286.5546","0","U","23261","999","82914","0.00087534713000","0.00005457","0.0000000000000","7032.760","97.825","665.356","643.893","DEBRIS","SMALL","PRC","1990-09-03","TSC","","5088782","316211284","0 CZ-4 DEB","1 23261U 90081CS  26076.54608686  .00005457  00000-0  87535-3 0  9998","2 23261  98.2429 105.0975 0015259 226.5022 286.5546 14.72021266829149"
"3.0","GENERATED VIA SPACE-TRACK.ORG API","2026-03-18T04:49:44","18 SPCS","CZ-4 DEB","1990-081R","EARTH","TEME","UTC","SGP4","2026-03-17T22:45:59.327712","14.66791674","0.00150194","98.2438","86.0134","196.1351","227.5285","0","U","20853","999","84502","0.00094953665000","0.00005257","0.0000000000000","7049.466","98.173","681.919","660.743","DEBRIS","MEDIUM","PRC","1990-09-03","TSC","","5089495","316259135","0 CZ-4 DEB","1 20853U 90081R   26076.94860333  .00005257  00000-0  94954-3 0  9996","2 20853  98.2438  86.0134 0015019 196.1351 227.5285 14.66791674845029"
"3.0","GENERATED VIA SPACE-TRACK.ORG API","2026-03-18T04:49:44","18 SPCS","DELTA 1 DEB","1978-026FV","EARTH","TEME","UTC","SGP4","2026-03-17T22:34:05.775168","14.84707925","0.00274679","98.2476","93.5627","37.7603","322.5531","0","U","13826","999","28874","0.00064876146000","0.00005474","0.0000000000000","6992.640","96.989","633.712","595.297","DEBRIS","SMALL","US","1978-03-05","AFWTR","","5089495","316257294","0 DELTA 1 DEB","1 13826U 78026FV  26076.94034462  .00005474  00000-0  64876-3 0  9990","2 13826  98.2476  93.5627 0027468  37.7603 322.5531 14.84707925288740"
"3.0","GENERATED VIA SPACE-TRACK.ORG API","2026-03-17T17:21:16","18 SPCS","CZ-4 DEB","1990-081W","EARTH","TEME","UTC","SGP4","2026-03-17T12:38:43.068768","14.57585670","0.00290156","98.2521","116.0887","23.2312","108.7582","0","U","20858","999","85254","0.00058220982000","0.00002619","0.0000000000000","7079.117","98.794","721.523","680.442","DEBRIS","MEDIUM","PRC","1990-09-03","TSC","","5088782","316209805","0 CZ-4 DEB","1 20858U 90081W   26076.52688737  .00002619  00000-0  58221-3 0  9997","2 20858  98.2521 116.0887 0029016  23.2312 108.7582 14.57585670852547"
"3.0","GENERATED VIA SPACE-TRACK.ORG API","2026-03-17T18:56:36","18 SPCS","ARIANE 1 DEB","1986-019VN","EARTH","TEME","UTC","SGP4","2026-03-16T21:38:09.322656","14.54895223","0.00364210","98.2534","55.6991","242.5980","171.8181","0","U","27596","999","60073","0.00050828000000","0.00002157","0.0000000000000","7087.842","98.976","735.522","683.892","DEBRIS","SMALL","FR","1986-02-22","FRGUI","","5088919","316241695","0 ARIANE 1 DEB","1 27596U 86019VN  26075.90149679  .00002157  00000-0  50828-3 0  9999","2 27596  98.2534  55.6991 0036421 242.5980 171.8181 14.54895223600739"
"3.0","GENERATED VIA SPACE-TRACK.ORG API","2026-03-17T17:21:16","18 SPCS","H-2A DEB","2017-082E","EARTH","TEME","UTC","SGP4","2026-03-17T09:49:06.945888","14.56822685","0.00235877","98.2562","144.6600","60.7990","299.5564","0","U","43069","999","43337","0.00073635540000","0.00003264","0.0000000000000","7081.589","98.845","720.158","686.750","DEBRIS","SMALL","JPN","2017-12-23","TNSTA","","5088782","316221407","0 H-2A DEB","1 43069U 17082E   26076.40910817  .00003264  00000-0  73636-3 0  9994","2 43069  98.2562 144.6600 0023588  60.7990 299.5564 14.56822685433371"
"3.0","GENERATED VIA SPACE-TRACK.ORG API","2026-03-17T10:38:38","18 SPCS","DELTA 1 DEB","1978-026KE","EARTH","TEME","UTC","SGP4","2026-03-16T20:23:39.225984","14.86639976","0.00268380","98.2595","119.9529","109.4229","250.9890","0","U","37667","999","67769","0.00080938081000","0.00007176","0.0000000000000","6986.580","96.863","627.196","589.694","DEBRIS","SMALL","US","1978-03-05","AFWTR","","5088757","316184294","0 DELTA 1 DEB","1 37667U 78026KE  26075.84975956  .00007176  00000-0  80938-3 0  9997","2 37667  98.2595 119.9529 0026838 109.4229 250.9890 14.86639976677696"
"3.0","GENERATED VIA SPACE-TRACK.ORG API","2026-03-18T04:49:44","18 SPCS","PSLV DEB","2001-049PE","EARTH","TEME","UTC","SGP4","2026-03-17T21:20:50.004960","14.77499594","0.00399327","98.2613","117.1172","266.5369","270.5063","0","U","28852","999","68527","0.00009447784900","0.00000625","0.0000000000000","7015.365","97.462","665.244","609.216","DEBRIS","SMALL","IND","2001-10-22","SRI","","5089495","316261638","0 PSLV DEB","1 28852U 01049PE  26076.88946765  .00000625  00000-0  94478-4 0  9992","2 28852  98.2613 117.1172 0039933 266.5369 270.5063 14.77499594685270"
"3.0","GENERATED VIA SPACE-TRACK.ORG API","2026-03-18T04:49:44","18 SPCS","CZ-2D DEB","2018-048E","EARTH","TEME","UTC","SGP4","2026-03-17T22:52:16.549248","14.95400330","0.00244109","98.2631","239.5656","88.7756","271.6260","0","U","43490","999","42054","0.00031119886000","0.00003393","0.0000000000000","6959.267","96.295","598.121","564.144","DEBRIS","SMALL","PRC","2018-06-02","JSC","","5089495","316269859","0 CZ-2D DEB","1 43490U 18048E   26076.95296932  .00003393  00000-0  31120-3 0  9995","2 43490  98.2631 239.5656 0024411  88.7756 271.6260 14.95400330420548"
"3.0","GENERATED VIA SPACE-TRACK.ORG API","2026-03-18T04:49:44","18 SPCS","YZ-1S DEB","2021-099C","EARTH","TEME","UTC","SGP4","2026-03-17T22:08:52.168128","14.74234660","0.00057193","98.2640","220.5119","282.0347","78.0220","0","U","49385","999","23368","0.00042535433000","0.00002759","0.0000000000000","7025.719","97.678","651.602","643.566","DEBRIS","LARGE","PRC","2021-11-03","JSC","","5089495","316273272","0 YZ-1S DEB","1 49385U 21099C   26076.92282602  .00002759  00000-0  42535-3 0  9997","2 49385  98.2640 220.5119 0005719 282.0347  78.0220 14.74234660233686"
"3.0","GENERATED VIA SPACE-TRACK.ORG API","2026-03-18T04:49:44","18 SPCS","CBERS 1 DEB","1999-057NS","EARTH","TEME","UTC","SGP4","2026-03-17T20:55:01.735104","14.52476125","0.00374013","98.2662","213.3017","126.6969","35.2829","0","U","30783","999","99768","0.00097629099000","0.00003976","0.0000000000000","7095.710","99.141","744.114","691.036","DEBRIS","SMALL","CHBZ","1999-10-14","TSC","","5089495","316262674","0 CBERS 1 DEB","1 30783U 99057NS  26076.87154786  .00003976  00000-0  97629-3 0  9999","2 30783  98.2662 213.3017 0037401 126.6969  35.2829 14.52476125997682"
"3.0","GENERATED VIA SPACE-TRACK.ORG API","2026-03-17T17:21:16","18 SPCS","CZ-4 DEB","1999-057FJ","EARTH","TEME","UTC","SGP4","2026-03-17T11:39:09.080928","14.81079490","0.00497660","98.2667","165.5322","21.4242","42.5613","0","U","26272","999","37528","0.00061518712000","0.00004820","0.0000000000000","7004.056","97.226","660.777","591.064","DEBRIS","SMALL","PRC","1999-10-14","TSC","","5088782","316212284","0 CZ-4 DEB","1 26272U 99057FJ  26076.48552177  .00004820  00000-0  61519-3 0  9998","2 26272  98.2667 165.5322 0049766  21.4242  42.5613 14.81079490375289"
"3.0","GENERATED VIA SPACE-TRACK.ORG API","2026-03-17T10:38:38","18 SPCS","PSLV DEB","2001-049MY","EARTH","TEME","UTC","SGP4","2026-03-16T20:19:06.513024","14.77993042","0.00417856","98.2678","112.1011","265.6953","93.9481","0","U","27580","999","26723","0.00010631540000","0.00000720","0.0000000000000","7013.803","97.429","664.976","606.361","DEBRIS","SMALL","IND","2001-10-22","SRI","","5088757","316179525","0 PSLV DEB","1 27580U 01049MY  26075.84660316  .00000720  00000-0  10632-3 0  9994","2 27580  98.2678 112.1011 0041786 265.6953  93.9481 14.77993042267233"
"3.0","GENERATED VIA SPACE-TRACK.ORG API","2026-03-18T04:49:44","18 SPCS","CZ-2C DEB","2004-046E","EARTH","TEME","UTC","SGP4","2026-03-17T22:29:52.368288","14.77458312","0.00619654","98.2753","208.7750","163.4474","322.3640","0","U","28483","999","12325","0.00137250250000","0.00010048","0.0000000000000","7015.496","97.465","680.832","593.889","DEBRIS","SMALL","PRC","2004-11-18","XSC","","5089495","316262057","0 CZ-2C DEB","1 28483U 04046E   26076.93741167  .00010048  00000-0  13725-2 0  9991","2 28483  98.2753 208.7750 0061965 163.4474 322.3640 14.77458312123251"
"3.0","GENERATED VIA SPACE-TRACK.ORG API","2026-03-17T17:21:16","18 SPCS","SL-8 DEB","2002-054D","EARTH","TEME","UTC","SGP4","2026-03-17T14:23:23.877024","14.76498468","0.00283239","98.2769","309.0835","123.7706","236.6207","0","U","27768","999","24180","0.00034190962000","0.00002342","0.0000000000000","7018.536","97.528","660.280","620.521","DEBRIS","SMALL","CIS","2002-11-28","PKMTR","","5088782","316213074","0 SL-8 DEB","1 27768U 02054D   26076.59958191  .00002342  00000-0  34191-3 0  9991","2 27768  98.2769 309.0835 0028324 123.7706 236.6207 14.76498468241804"
"3.0","GENERATED VIA SPACE-TRACK.ORG API","2026-03-14T17:28:19","18 SPCS","CZ-4 DEB","1990-081CY","EARTH","TEME","UTC","SGP4","2026-03-14T09:09:06.100704","14.54663954","0.00307150","98.2774","115.1155","90.7731","284.5520","0","U","37612","999","67013","0.00083878585000","0.00003564","0.0000000000000","7088.593","98.992","732.231","688.686","DEBRIS","SMALL","PRC","1990-09-03","TSC","","5087093","315953894","0 CZ-4 DEB","1 37612U 90081CY  26073.38132061  .00003564  00000-0  83879-3 0  9995","2 37612  98.2774 115.1155 0030715  90.7731 284.5520 14.54663954670130"
"3.0","GENERATED VIA SPACE-TRACK.ORG API","2015-05-26T01:37:06","18 SPCS","FENGYUN 1C DEB","1999-025CZU","EARTH","TEME","UTC","SGP4","2015-05-25T04:00:34.784928","14.71292071","0.00033790","98.2781","119.6018","286.8460","73.2375","0","U","32408","999","41515","0.00140670000000","0.00008645","0.0000000000000","7035.083","97.873","659.325","654.571","DEBRIS","SMALL","PRC","1999-05-10","TSC","","1876825","99252122","0 FENGYUN 1C DEB","1 32408U 99025CZU 15145.16706927  .00008645  00000-0  14067-2 0  9999","2 32408 098.2781 119.6018 0003379 286.8460 073.2375 14.71292071415153"
